Date,Weekly U.S. Product Supplied of Petroleum Products  (Thousand Barrels per Day),Weekly U.S. Product Supplied of Finished Motor Gasoline  (Thousand Barrels per Day),Weekly U.S. Product Supplied of Kerosene-Type Jet Fuel  (Thousand Barrels per Day),Weekly U.S. Product Supplied of Distillate Fuel Oil  (Thousand Barrels per Day),Weekly U.S. Product Supplied of Residual Fuel Oil  (Thousand Barrels per Day),Weekly U.S. Product Supplied of Propane and Propylene  (Thousand Barrels per Day),Weekly U.S. Product Supplied of Other Oils  (Thousand Barrels per Day)
09-Nov-90,16588,,,,,,
16-Nov-90,17019,,,,,,
23-Nov-90,15686,,,,,,
30-Nov-90,17753,,,,,,
07-Dec-90,16901,,,,,,
14-Dec-90,16669,,,,,,
21-Dec-90,17953,,,,,,
28-Dec-90,17319,,,,,,
04-Jan-91,15968,,,,,,
11-Jan-91,17171,,,,,,
18-Jan-91,16699,,,,,,
25-Jan-91,16246,,,,,,
01-Feb-91,16801,,,,,,
08-Feb-91,16067,6621,1466,3139,1124,,
15-Feb-91,15627,6433,1226,3121,992,,
22-Feb-91,15414,6582,1332,2847,1180,,
01-Mar-91,16997,7224,1514,2964,1221,,
08-Mar-91,16982,6875,1402,3338,1145,,
15-Mar-91,16914,6947,1252,3699,1351,,
22-Mar-91,16408,7328,1324,2946,1188,,
29-Mar-91,17481,6777,1259,3026,998,,
05-Apr-91,16344,7503,1322,3106,1091,,
12-Apr-91,15888,6916,1184,2789,958,,
19-Apr-91,15799,7045,1276,2790,905,,
26-Apr-91,16054,6956,1242,2610,1260,,
03-May-91,,6976,1242,2877,860,,
10-May-91,15995,7185,1151,2891,948,,
17-May-91,16306,6899,1262,2933,1243,,
24-May-91,15273,7396,1096,2806,891,,
31-May-91,16357,7287,1157,2346,1284,,
07-Jun-91,16226,7220,1325,2916,1211,,
14-Jun-91,16519,7651,1318,2795,1090,,
21-Jun-91,17076,7720,1041,2675,1412,,
28-Jun-91,17242,7543,1373,3089,1246,,
05-Jul-91,17363,7961,1227,2914,1330,,
12-Jul-91,15446,7327,1509,2055,993,,
19-Jul-91,16948,7380,1223,3121,1153,,
26-Jul-91,16092,7501,1394,2682,1000,,
02-Aug-91,16672,7605,1270,2787,776,,
09-Aug-91,16902,7584,1494,2755,949,,
16-Aug-91,17000,7401,1303,2959,1341,,
23-Aug-91,16346,7505,1272,2841,1233,,
30-Aug-91,16731,7427,1314,2876,1017,,
06-Sep-91,16855,6993,1395,2774,1190,,
13-Sep-91,16360,7402,1245,2826,891,,
20-Sep-91,17053,7391,1266,2987,1052,,
27-Sep-91,16984,7088,1221,3053,1059,,
04-Oct-91,17537,6949,1364,3417,1448,,
11-Oct-91,17042,7506,1387,3086,721,,
18-Oct-91,17570,7396,1403,3233,1394,,
25-Oct-91,17092,7421,1387,3054,615,,
01-Nov-91,16254,7159,1306,2977,955,,
08-Nov-91,17193,7379,1250,3408,958,,
15-Nov-91,17035,7369,1335,3025,1174,,
22-Nov-91,15978,6652,1682,3087,1053,,
29-Nov-91,15683,6769,1127,2879,993,,
06-Dec-91,16258,6828,1372,2915,1426,,
13-Dec-91,16536,7344,1464,3279,897,,
20-Dec-91,18161,7447,1580,3616,1710,,
27-Dec-91,17129,7186,1172,3026,1643,,
03-Jan-92,16707,6642,1358,3188,1260,,
10-Jan-92,16923,6788,1534,3242,1032,,
17-Jan-92,16600,6783,1351,3727,1165,,
24-Jan-92,17852,7037,1395,3561,1361,,
31-Jan-92,17319,7112,1558,3665,1103,,
07-Feb-92,17190,7039,1433,3386,1682,,
14-Feb-92,16630,6576,1387,3723,1286,,
21-Feb-92,16389,7002,1256,3176,1111,,
28-Feb-92,15099,6770,1177,3266,1134,,
06-Mar-92,16763,7002,1332,3305,1146,,
13-Mar-92,16004,6806,1203,2629,1155,,
20-Mar-92,16415,7221,1141,3300,1091,,
27-Mar-92,17621,7379,1127,3226,1211,,
03-Apr-92,16782,7027,1393,3386,956,,
10-Apr-92,17783,7744,1372,3418,1294,,
17-Apr-92,16008,6464,1415,2757,1253,,
24-Apr-92,17152,7376,1283,2819,802,,
01-May-92,17639,7899,1281,3222,1071,,
08-May-92,16020,7318,832,3208,781,,
15-May-92,16476,7174,1453,2825,1087,,
22-May-92,16030,7086,1232,2744,1017,,
29-May-92,15455,7774,1204,2295,1050,,
05-Jun-92,17005,7104,1424,3170,1106,,
12-Jun-92,15377,7129,1102,2620,509,,
19-Jun-92,17251,7407,1324,2842,1326,,
26-Jun-92,14912,7701,1231,2353,679,,
03-Jul-92,17100,7572,1353,2814,912,,
10-Jul-92,17503,7813,1423,2597,1078,,
17-Jul-92,17614,7422,1503,3069,1022,,
24-Jul-92,16546,7792,1446,2538,874,,
31-Jul-92,17100,7433,1281,2912,897,,
07-Aug-92,17319,7796,1380,2808,718,,
14-Aug-92,17517,7700,1378,2519,1023,,
21-Aug-92,17100,7365,1516,2789,524,,
28-Aug-92,17636,7814,1323,2747,633,,
04-Sep-92,16829,7326,1308,3020,681,,
11-Sep-92,16525,7473,1236,2179,955,,
18-Sep-92,16432,7181,1160,2994,452,,
25-Sep-92,16251,7286,1390,2917,721,,
02-Oct-92,17830,7293,1583,3412,870,,
09-Oct-92,17231,7514,1286,3226,785,,
16-Oct-92,17201,7204,1467,3516,595,,
23-Oct-92,15859,7276,1141,2989,1316,,
30-Oct-92,17781,7509,1409,3122,1113,,
06-Nov-92,16319,6923,1285,3179,1069,,
13-Nov-92,16581,7056,1451,2822,801,,
20-Nov-92,17392,7240,1389,3628,1170,,
27-Nov-92,16876,7138,1364,3355,1029,,
04-Dec-92,17118,7432,1616,2649,747,,
11-Dec-92,17526,7354,1283,3507,1254,,
18-Dec-92,18197,7400,1594,3740,1027,,
25-Dec-92,18613,7596,1476,3158,1237,,
01-Jan-93,17810,7358,1583,2832,1309,,
08-Jan-93,15904,6852,1434,2857,989,,
15-Jan-93,16119,6726,1422,3194,977,,
22-Jan-93,17424,7131,1432,3626,1176,,
29-Jan-93,17607,6603,1719,3815,633,,
05-Feb-93,18017,7322,1401,3980,922,,
12-Feb-93,16811,6779,1330,3392,831,,
19-Feb-93,17697,7325,1303,3374,1024,,
26-Feb-93,17704,6961,1230,3735,1114,,
05-Mar-93,17866,7188,1371,4052,1114,,
12-Mar-93,16253,7100,1578,3159,638,,
19-Mar-93,17894,7239,1356,3444,1190,,
26-Mar-93,17571,7194,1377,3694,981,,
02-Apr-93,16100,6964,1341,2998,1270,,
09-Apr-93,16753,6797,1460,2915,883,,
16-Apr-93,17201,7561,1415,3344,915,,
23-Apr-93,17500,7392,1287,2713,977,,
30-Apr-93,17920,7470,1336,3358,981,,
07-May-93,16545,7657,1292,2997,791,,
14-May-93,17054,7649,1215,3014,1074,,
21-May-93,16418,7295,1348,3098,890,,
28-May-93,17417,7364,1486,2989,904,,
04-Jun-93,16676,7018,1187,3058,962,,
11-Jun-93,16674,7740,1223,2674,630,,
18-Jun-93,17393,7392,1508,2752,1198,,
25-Jun-93,16699,7804,1253,3155,915,,
02-Jul-93,17931,7868,1431,2865,781,,
09-Jul-93,16716,7578,1401,2481,783,,
16-Jul-93,17689,8113,1613,2843,916,,
23-Jul-93,17771,7916,1155,3069,965,,
30-Jul-93,16717,7336,1450,3152,1294,,
06-Aug-93,18595,8033,1430,3338,1146,,
13-Aug-93,17752,7581,1502,3061,950,,
20-Aug-93,18190,8187,1819,2672,1016,,
27-Aug-93,17330,7629,1285,3305,649,,
03-Sep-93,16367,7386,1358,2979,798,,
10-Sep-93,17653,7889,1334,2855,1016,,
17-Sep-93,17292,7478,1463,3103,1097,,
24-Sep-93,17282,7485,1295,3341,903,,
01-Oct-93,17326,7387,1401,3325,1290,,
08-Oct-93,17069,7276,1314,3227,627,,
15-Oct-93,18316,7613,1407,3432,995,,
22-Oct-93,17343,7704,1229,3485,950,,
29-Oct-93,17207,7788,1513,3056,704,,
05-Nov-93,17859,7640,1276,3796,575,,
12-Nov-93,17134,7552,1449,3305,777,,
19-Nov-93,18031,7992,1370,3429,1120,,
26-Nov-93,16341,6845,1331,3124,908,,
03-Dec-93,16879,7430,1303,2965,1073,,
10-Dec-93,18435,8074,1499,3700,1110,,
17-Dec-93,18538,7684,1455,3865,1208,,
24-Dec-93,16958,7411,1527,3057,1034,,
31-Dec-93,17178,7567,1286,3103,762,,
07-Jan-94,17837,7124,1607,4002,1229,,
14-Jan-94,17878,7124,1312,4212,1023,,
21-Jan-94,18020,7157,1413,4277,922,,
28-Jan-94,19126,6321,1584,4436,980,,
04-Feb-94,17827,6953,1606,4410,1103,,
11-Feb-94,18288,7487,1529,3965,1014,,
18-Feb-94,18229,6993,1332,3685,1668,,
25-Feb-94,17104,7372,1495,3432,1007,,
04-Mar-94,17384,7286,1474,3441,1069,,
11-Mar-94,16848,7214,1631,3395,923,,
18-Mar-94,17245,7521,1322,3405,1128,,
25-Mar-94,16880,7481,1326,3314,851,,
01-Apr-94,19815,7398,1462,2903,1394,,
08-Apr-94,17495,7187,1184,3527,1061,,
15-Apr-94,16689,7720,1544,2954,848,,
22-Apr-94,17145,7042,1608,3649,861,,
29-Apr-94,17937,7892,1407,3259,903,,
06-May-94,16811,6824,1426,3219,872,,
13-May-94,16683,7552,1305,2906,920,,
20-May-94,18131,7938,1229,3423,1316,,
27-May-94,18426,8028,1455,3052,915,,
03-Jun-94,15824,7461,1405,2870,282,,
10-Jun-94,18080,7770,1696,3070,879,,
17-Jun-94,17153,7650,1391,2850,1054,,
24-Jun-94,18109,7909,1659,3075,758,,
01-Jul-94,16950,7930,1465,2788,680,,
08-Jul-94,17221,7562,1309,2302,1076,,
15-Jul-94,17142,8006,1310,2754,860,,
22-Jul-94,18143,7523,1636,3037,537,,
29-Jul-94,16795,7581,1372,2780,1040,,
05-Aug-94,17899,7638,1522,3295,742,,
12-Aug-94,17994,8187,1363,2970,1028,,
19-Aug-94,18085,7836,1699,2846,607,,
26-Aug-94,17052,7750,1421,3579,688,,
02-Sep-94,18275,8061,1693,2782,1186,,
09-Sep-94,17047,6955,1415,2624,600,,
16-Sep-94,17095,7601,1675,2764,609,,
23-Sep-94,17853,7763,1399,3394,990,,
30-Sep-94,17090,7733,1528,3353,514,,
07-Oct-94,17014,7515,1550,2997,588,,
14-Oct-94,18477,7562,1624,3501,784,,
21-Oct-94,17315,8143,1676,3092,410,,
28-Oct-94,17715,8204,1152,3488,1010,,
04-Nov-94,17423,7432,1647,3369,878,,
11-Nov-94,17419,7377,1549,3055,623,,
18-Nov-94,17680,7929,1458,3647,731,,
25-Nov-94,17381,7431,1437,2927,894,,
02-Dec-94,16226,7593,1516,3132,1130,,
09-Dec-94,19222,8229,1550,3826,904,,
16-Dec-94,17096,7933,1431,3152,600,,
23-Dec-94,19491,8278,1867,3680,1209,,
30-Dec-94,17859,7718,1445,2921,558,,
06-Jan-95,17692,7134,1649,3264,620,,
13-Jan-95,17340,7534,1490,3404,928,,
20-Jan-95,17121,7260,1592,3207,915,,
27-Jan-95,17105,6976,1514,3648,798,,
03-Feb-95,16966,7267,1496,3301,877,,
10-Feb-95,17766,7132,1698,3811,974,,
17-Feb-95,18514,7398,1462,3799,1316,,
24-Feb-95,18222,7670,1532,3436,1091,,
03-Mar-95,16863,7194,1514,3317,896,,
10-Mar-95,17861,7548,1639,3580,669,,
17-Mar-95,17059,7834,1363,3240,540,,
24-Mar-95,16781,7797,1260,3224,796,,
31-Mar-95,17665,8195,1525,2899,1082,,
07-Apr-95,17563,7588,1309,3813,823,,
14-Apr-95,17114,7543,1152,3458,841,,
21-Apr-95,17499,8156,1452,2928,773,,
28-Apr-95,17561,7731,1513,3117,583,,
05-May-95,16665,7539,1332,3304,734,,
12-May-95,16984,8052,1453,2792,673,,
19-May-95,17673,8183,1468,2997,717,,
26-May-95,16365,7797,1390,2876,788,,
02-Jun-95,17521,8460,1247,3013,533,,
09-Jun-95,17662,8055,1407,3062,924,,
16-Jun-95,17922,7971,1544,3048,825,,
23-Jun-95,18346,8489,1307,3199,996,,
30-Jun-95,18202,8238,1535,3092,685,,
07-Jul-95,16901,7996,1412,2720,685,,
14-Jul-95,17547,7866,1419,2788,535,,
21-Jul-95,17774,8483,1591,3038,668,,
28-Jul-95,19506,8213,1571,2925,851,,
04-Aug-95,17827,8402,1400,2755,1074,,
11-Aug-95,17384,7628,1615,2920,651,,
18-Aug-95,18232,8411,1457,2981,884,,
25-Aug-95,17961,8206,1614,3228,983,,
01-Sep-95,17603,7825,1561,2720,841,,
08-Sep-95,18087,8078,1577,2908,1054,,
15-Sep-95,17584,8249,1423,2689,649,,
22-Sep-95,17547,7821,1671,3413,745,,
29-Sep-95,16378,7257,1677,3303,1134,,
06-Oct-95,17951,8106,1199,3234,966,,
13-Oct-95,17704,7879,1677,2957,826,,
20-Oct-95,17962,7712,1682,3422,723,,
27-Oct-95,18169,8103,1571,3614,860,,
03-Nov-95,17461,7449,1678,3158,747,,
10-Nov-95,18344,8477,1538,3104,686,,
17-Nov-95,18258,8021,1633,3686,722,,
24-Nov-95,17321,7840,1578,3280,672,,
01-Dec-95,17841,7439,1318,3186,846,,
08-Dec-95,18978,7949,1651,3825,991,,
15-Dec-95,18355,7489,1492,4032,974,,
22-Dec-95,19138,8115,1638,4002,927,,
29-Dec-95,17302,7035,1620,3235,835,,
05-Jan-96,18459,7958,1894,3035,989,,
12-Jan-96,18285,7513,1578,3877,1015,,
19-Jan-96,17898,6949,1633,3785,945,,
26-Jan-96,18294,7393,1772,3714,1112,,
02-Feb-96,18152,7513,1695,3741,866,,
09-Feb-96,19548,7520,1555,4328,1306,,
16-Feb-96,18863,7868,1750,3787,1080,,
23-Feb-96,17871,7826,1524,3312,614,,
01-Mar-96,17957,7338,1761,3701,972,,
08-Mar-96,17610,7877,1562,3193,848,,
15-Mar-96,18193,7757,1550,3940,1050,,
22-Mar-96,18561,7900,1654,3650,728,,
29-Mar-96,17705,7568,1515,3099,724,,
05-Apr-96,17941,7280,1586,3027,859,,
12-Apr-96,17391,7804,1509,3061,791,,
19-Apr-96,16895,7433,1453,3611,634,,
26-Apr-96,16874,8079,1420,3336,643,,
03-May-96,17305,7592,1313,2999,755,,
10-May-96,17910,8267,1374,3152,873,,
17-May-96,16887,7512,1559,3213,647,,
24-May-96,18920,8080,1462,3009,708,,
31-May-96,17646,7836,1575,2824,878,,
07-Jun-96,17600,7946,1327,3359,393,,
14-Jun-96,17339,7957,1550,2909,544,,
21-Jun-96,18556,7956,1559,3366,927,,
28-Jun-96,18955,8563,1466,3138,875,,
05-Jul-96,17354,8015,1474,2849,532,,
12-Jul-96,17687,7968,1479,3030,578,,
19-Jul-96,17901,8152,1600,3128,811,,
26-Jul-96,18953,8067,1459,3189,875,,
02-Aug-96,18770,8279,1682,3146,1128,,
09-Aug-96,17787,7722,1452,3197,757,,
16-Aug-96,17541,7818,1736,3084,753,,
23-Aug-96,18458,8364,1488,3148,795,,
30-Aug-96,17974,8369,1761,2980,859,,
06-Sep-96,18052,7843,1466,3061,1007,,
13-Sep-96,17555,7537,1786,3221,658,,
20-Sep-96,17999,8000,1541,3455,781,,
27-Sep-96,17938,7619,1606,3623,855,,
04-Oct-96,18664,7935,1741,3215,700,,
11-Oct-96,18129,7637,1584,3609,618,,
18-Oct-96,18974,7958,1627,3687,765,,
25-Oct-96,18373,7991,1691,3302,805,,
01-Nov-96,18687,7682,1694,3678,798,,
08-Nov-96,18540,7804,1727,3656,949,,
15-Nov-96,18490,8073,1684,3685,838,,
22-Nov-96,18100,7883,1560,3323,638,,
29-Nov-96,17558,7370,1505,3073,771,,
06-Dec-96,17683,7706,1705,3296,755,,
13-Dec-96,19464,8355,1601,3530,711,,
20-Dec-96,18972,8051,1714,3591,995,,
27-Dec-96,18421,7740,1872,2868,771,,
03-Jan-97,16375,7122,1685,3162,935,,
10-Jan-97,18085,7440,1520,3342,711,,
17-Jan-97,18614,7408,1689,3728,963,,
24-Jan-97,18258,7265,1527,3449,1017,,
31-Jan-97,18335,7125,1866,3885,945,,
07-Feb-97,18000,7013,1618,3703,1039,,
14-Feb-97,18207,7530,1482,3550,795,,
21-Feb-97,17900,8011,1572,3228,1066,,
28-Feb-97,16973,7779,1638,3221,544,,
07-Mar-97,17422,7417,1722,3353,883,,
14-Mar-97,18197,8125,1419,3665,613,,
21-Mar-97,18350,7729,1475,3728,1025,,
28-Mar-97,18360,7492,1522,3689,705,,
04-Apr-97,18385,8115,1566,3565,636,,
11-Apr-97,17720,7791,1450,3229,614,,
18-Apr-97,18383,7914,1590,3647,858,,
25-Apr-97,17646,7922,1578,3524,679,,
02-May-97,20017,8224,1511,3341,792,,
09-May-97,18304,7765,1455,3476,869,,
16-May-97,18468,8253,1509,3267,634,,
23-May-97,18719,8088,1667,3218,949,,
30-May-97,17149,8154,1593,2842,554,,
06-Jun-97,18366,7590,1421,3146,745,,
13-Jun-97,18623,8009,1591,3391,849,,
20-Jun-97,19154,8557,1708,3384,875,,
27-Jun-97,18920,8234,1737,3379,623,,
04-Jul-97,19309,8489,1738,3528,812,,
11-Jul-97,18456,8606,1317,2819,805,,
18-Jul-97,19552,8595,1658,3672,1041,,
25-Jul-97,19141,8600,1579,3393,923,,
01-Aug-97,18108,8290,1881,3177,749,,
08-Aug-97,18472,8253,1630,3411,681,,
15-Aug-97,19298,8539,1583,3123,621,,
22-Aug-97,18507,7922,1629,3182,805,,
29-Aug-97,19159,8695,1881,3293,751,,
05-Sep-97,17595,8053,1440,2751,948,,
12-Sep-97,18546,8215,1673,3428,513,,
19-Sep-97,18274,7746,1787,3082,622,,
26-Sep-97,19489,8140,1449,3460,859,,
03-Oct-97,19201,8379,1625,3475,628,,
10-Oct-97,18956,8221,1477,3423,631,,
17-Oct-97,18480,8315,1406,3634,746,,
24-Oct-97,18848,7741,1736,3620,614,,
31-Oct-97,19074,8355,1676,3599,1007,,
07-Nov-97,19124,8025,1530,3379,818,,
14-Nov-97,18611,7793,1507,3560,864,,
21-Nov-97,19266,8043,1877,3618,718,,
28-Nov-97,18485,7578,1774,3517,563,,
05-Dec-97,19260,8437,1628,3429,856,,
12-Dec-97,18889,7955,1598,3752,827,,
19-Dec-97,19807,8151,1759,3976,804,,
26-Dec-97,19288,8201,1790,4088,759,,
02-Jan-98,17809,7832,1673,2692,816,,
09-Jan-98,17977,7673,1626,3271,625,,
16-Jan-98,18876,7779,1503,3757,1006,,
23-Jan-98,19251,7940,1666,3974,747,,
30-Jan-98,18553,7670,1477,3739,968,,
06-Feb-98,17891,7673,1716,3796,273,,
13-Feb-98,18977,8201,1724,3434,1090,,
20-Feb-98,18429,8005,1625,3654,831,,
27-Feb-98,17357,7662,1484,3481,699,,
06-Mar-98,19252,7744,1605,3510,497,,
13-Mar-98,19225,8103,1595,3663,817,,
20-Mar-98,17872,7753,1451,3575,798,,
27-Mar-98,18287,7996,1450,3918,531,,
03-Apr-98,19372,8992,1611,3700,1155,,
10-Apr-98,18264,8031,1507,3122,1097,,
17-Apr-98,19102,8303,1611,3428,707,,
24-Apr-98,18377,8118,1404,3574,809,,
01-May-98,17915,8190,1543,3448,1015,,
08-May-98,17793,7503,1511,3089,798,,
15-May-98,19609,8524,1687,3750,1017,,
22-May-98,17946,8337,1441,3254,697,,
29-May-98,17939,8205,1350,2954,846,,
05-Jun-98,19790,8312,1643,3678,869,,
12-Jun-98,18903,8103,1481,3366,823,,
19-Jun-98,18696,8160,1871,3561,653,,
26-Jun-98,19313,8644,1649,3815,531,,
03-Jul-98,19592,8755,1720,3320,1034,,
10-Jul-98,18272,8234,1264,3320,601,,
17-Jul-98,19305,8749,1613,3044,1394,,
24-Jul-98,18487,8125,1559,3231,907,,
31-Jul-98,18598,8997,1669,3626,616,,
07-Aug-98,19243,8317,1619,3486,765,,
14-Aug-98,19356,8981,1342,3395,937,,
21-Aug-98,19532,8288,1714,3606,778,,
28-Aug-98,19917,8607,1524,3813,1067,,
04-Sep-98,18801,8713,1458,3251,1047,,
11-Sep-98,18909,8722,1359,3151,828,,
18-Sep-98,18467,7873,1573,3364,874,,
25-Sep-98,18653,8359,1703,3010,1024,,
02-Oct-98,18539,8058,1644,3395,687,,
09-Oct-98,19555,8797,1491,3658,686,,
16-Oct-98,17961,8049,1554,3521,800,,
23-Oct-98,17954,8099,1446,3193,1037,,
30-Oct-98,19196,8360,1569,3614,899,,
06-Nov-98,17950,8195,1475,3377,441,,
13-Nov-98,19601,7711,1889,3554,1195,,
20-Nov-98,18827,8381,1387,3697,882,,
27-Nov-98,18703,8313,1602,2955,920,,
04-Dec-98,17206,8162,1308,3227,589,,
11-Dec-98,18422,8314,1819,3198,731,,
18-Dec-98,19974,8588,1665,3776,991,,
25-Dec-98,19450,8153,1842,3248,955,,
01-Jan-99,19550,8519,1684,3432,659,,
08-Jan-99,18181,7385,1554,3296,758,,
15-Jan-99,19284,7810,1646,4612,907,,
22-Jan-99,19266,8186,1768,3724,1088,,
29-Jan-99,18268,7866,1452,3389,872,,
05-Feb-99,18492,7532,1826,3642,1006,,
12-Feb-99,19402,8756,1628,3603,877,,
19-Feb-99,18379,7948,1497,3642,760,,
26-Feb-99,19730,8316,1843,3601,972,,
05-Mar-99,19172,8273,1820,3738,1064,,
12-Mar-99,19049,8451,1570,3864,737,,
19-Mar-99,18730,8367,1701,3849,789,,
26-Mar-99,19191,8337,1592,4045,939,,
02-Apr-99,18149,7959,1691,3038,834,,
09-Apr-99,17225,7878,1704,2650,341,,
16-Apr-99,19521,8066,1685,3714,879,,
23-Apr-99,18792,8923,1542,3237,818,,
30-Apr-99,18025,7825,1418,3469,684,,
07-May-99,18527,8059,1692,3542,730,,
14-May-99,17424,8761,1465,3451,930,,
21-May-99,18721,8275,1676,3270,908,,
28-May-99,18889,8401,1705,3447,821,,
04-Jun-99,19246,8193,1523,3451,1178,,
11-Jun-99,19103,8827,1542,2915,910,,
18-Jun-99,19484,8522,1912,3857,514,,
25-Jun-99,19539,9045,1612,3460,1083,,
02-Jul-99,19416,9076,1372,3198,920,,
09-Jul-99,17972,8679,1515,3038,584,,
16-Jul-99,19338,8622,1649,3292,1064,,
23-Jul-99,19670,8639,1754,3325,858,,
30-Jul-99,19483,8537,1762,3436,918,,
06-Aug-99,19870,8644,1640,3595,1033,,
13-Aug-99,19701,8519,1656,3222,1230,,
20-Aug-99,19443,8415,1621,3177,1071,,
27-Aug-99,19603,8810,1618,3245,995,,
03-Sep-99,19853,8778,1718,3455,702,,
10-Sep-99,19344,8593,1608,3360,765,,
17-Sep-99,19267,8504,1542,3532,1107,,
24-Sep-99,19037,8865,1533,3253,591,,
01-Oct-99,19646,8557,1686,3755,811,,
08-Oct-99,19488,8433,1784,3773,803,,
15-Oct-99,19980,8406,1755,3747,873,,
22-Oct-99,19783,8521,1703,4061,581,,
29-Oct-99,19803,8532,1775,3821,733,,
05-Nov-99,19974,8333,1702,4119,905,,
12-Nov-99,20383,8416,1718,4037,940,,
19-Nov-99,19799,8404,1695,4028,603,,
26-Nov-99,19115,8416,1510,3501,596,,
03-Dec-99,19552,7670,1869,3362,782,,
10-Dec-99,19723,8557,1679,3914,585,,
17-Dec-99,19124,8638,1526,3901,844,,
24-Dec-99,20288,8590,1724,4105,950,,
31-Dec-99,20293,8851,1642,3999,872,,
07-Jan-00,19363,7907,1523,3007,511,,
14-Jan-00,18222,7543,1839,3766,615,,
21-Jan-00,19116,7919,1399,4364,902,,
28-Jan-00,19899,8385,1634,3866,907,,
04-Feb-00,19123,7642,1624,4192,729,,
11-Feb-00,19206,8375,1678,3866,754,,
18-Feb-00,19438,8524,1541,3716,924,,
25-Feb-00,19169,8072,1346,3761,526,,
03-Mar-00,17933,7608,1826,3386,750,,
10-Mar-00,19995,8662,1593,3677,435,,
17-Mar-00,19022,8201,1700,3798,767,,
24-Mar-00,19284,8384,1629,3790,722,,
31-Mar-00,18862,7896,1687,3593,748,,
07-Apr-00,18556,8655,1786,3439,663,,
14-Apr-00,19672,8557,1529,4197,733,,
21-Apr-00,18735,8616,1728,3504,685,,
28-Apr-00,18842,8302,1607,3445,449,,
05-May-00,19378,8679,1727,3667,888,,
12-May-00,18932,8242,1613,3783,896,,
19-May-00,19990,8408,1794,3787,755,,
26-May-00,19458,9075,1646,3657,441,,
02-Jun-00,18817,8863,1783,3225,484,,
09-Jun-00,19345,8403,1582,3276,932,,
16-Jun-00,19965,8895,1600,3855,576,,
23-Jun-00,19740,8475,1548,3496,812,,
30-Jun-00,19746,8620,1694,3746,827,,
07-Jul-00,19135,8519,1657,3025,1122,,
14-Jul-00,20022,8844,1680,3461,901,,
21-Jul-00,19268,8361,1760,3420,747,,
28-Jul-00,20143,8614,1697,3533,981,,
04-Aug-00,20341,8759,1723,3610,1169,,
11-Aug-00,20464,8813,1794,3602,1048,,
18-Aug-00,19394,8786,1756,3655,709,,
25-Aug-00,20226,8960,1839,3706,741,,
01-Sep-00,19776,8644,1684,3878,726,,
08-Sep-00,20320,8573,1700,3583,861,,
15-Sep-00,20133,8814,1741,3654,770,,
22-Sep-00,20318,8153,1741,4024,974,,
29-Sep-00,19558,7819,1850,4001,820,,
06-Oct-00,18974,8340,1820,3706,1132,,
13-Oct-00,20289,8663,1617,3996,882,,
20-Oct-00,20436,8604,1964,4171,779,,
27-Oct-00,20217,8942,1889,3681,1068,,
03-Nov-00,20499,8780,1531,3754,1118,,
10-Nov-00,19871,8216,1888,4240,721,,
17-Nov-00,20063,8419,1834,3894,820,,
24-Nov-00,19243,8063,1569,3729,764,,
01-Dec-00,19111,8233,1742,3467,666,,
08-Dec-00,20631,8711,1572,4687,1234,,
15-Dec-00,20611,8475,1633,3791,1503,,
22-Dec-00,20080,8400,1719,4177,832,,
29-Dec-00,21494,8693,1888,3999,1050,,
05-Jan-01,21098,7825,1847,4577,1256,,
12-Jan-01,20817,8225,1515,4319,1228,,
19-Jan-01,19414,7894,1603,3748,861,,
26-Jan-01,20248,7338,1826,4175,1213,,
02-Feb-01,20342,8589,1669,3858,956,,
09-Feb-01,20001,8032,1700,4081,1167,,
16-Feb-01,19025,7850,1718,3883,958,,
23-Feb-01,20161,8187,1767,4037,1011,,
02-Mar-01,20768,8489,1691,4146,1008,,
09-Mar-01,19803,8425,1769,3956,755,,
16-Mar-01,19814,8484,1860,4315,774,,
23-Mar-01,19288,8475,1804,4010,1012,,
30-Mar-01,19067,8507,1702,4130,865,,
06-Apr-01,18541,8306,1564,3647,1107,,
13-Apr-01,19025,8438,1630,3502,853,,
20-Apr-01,18880,8708,1509,3984,501,,
27-Apr-01,18820,8404,1733,3566,1302,,
04-May-01,20180,8665,1785,3948,974,,
11-May-01,18694,8275,1786,3594,743,,
18-May-01,19906,8917,1650,3622,955,,
25-May-01,18786,8270,1856,3537,1201,,
01-Jun-01,18451,8809,1680,3258,991,,
08-Jun-01,19138,8428,1685,3892,904,,
15-Jun-01,18310,8393,1498,3447,725,,
22-Jun-01,19651,8921,1657,3358,888,,
29-Jun-01,20059,9036,1889,3718,1324,,
06-Jul-01,19060,8622,1692,3387,852,,
13-Jul-01,19857,9095,1763,3477,1208,,
20-Jul-01,19948,9176,1723,3641,714,,
27-Jul-01,20175,9007,1876,3679,1082,,
03-Aug-01,19187,8959,1728,3960,1052,,
10-Aug-01,19943,8671,1774,3941,784,,
17-Aug-01,20294,9035,1768,3716,1050,,
24-Aug-01,20079,8943,1671,3797,1111,,
31-Aug-01,19955,8612,1587,3714,1036,,
07-Sep-01,19522,8529,1805,3699,542,,
14-Sep-01,19069,8969,1408,3292,805,,
21-Sep-01,17889,7834,1246,3914,845,,
28-Sep-01,19549,8514,1479,3726,921,,
05-Oct-01,19431,8500,1513,3651,1040,,
12-Oct-01,19607,8766,1726,3716,741,,
19-Oct-01,19889,8619,1581,3721,697,,
26-Oct-01,20172,8702,1602,4041,1072,,
02-Nov-01,20490,8797,1639,3914,811,,
09-Nov-01,19126,8771,1606,3639,769,,
16-Nov-01,19622,8612,1342,4047,761,,
23-Nov-01,19041,8868,1365,3601,724,,
30-Nov-01,19224,8517,1523,3696,792,,
07-Dec-01,19411,8327,1554,3684,855,,
14-Dec-01,20468,8622,1552,4072,936,,
21-Dec-01,20516,8888,1601,3994,676,,
28-Dec-01,19609,8860,1451,3807,691,,
04-Jan-02,18954,8288,1594,3160,706,,
11-Jan-02,19630,8359,1563,3866,727,,
18-Jan-02,19007,8049,1539,3997,597,,
25-Jan-02,18899,8184,1528,3511,882,,
01-Feb-02,19242,8223,1605,3894,976,,
08-Feb-02,18943,8117,1592,3633,689,,
15-Feb-02,19782,8428,1666,3891,850,,
22-Feb-02,19336,8729,1475,4030,703,,
01-Mar-02,19855,8782,1429,3828,768,,
08-Mar-02,18459,8277,1438,3745,525,,
15-Mar-02,18856,8713,1547,3715,938,,
22-Mar-02,19573,8621,1568,3738,823,,
29-Mar-02,19220,8386,1510,3980,736,,
05-Apr-02,19517,8865,1661,3438,697,,
12-Apr-02,19727,8840,1748,3838,731,,
19-Apr-02,19153,8684,1501,3737,494,,
26-Apr-02,19472,8699,1617,3610,665,,
03-May-02,19368,8521,1515,3777,566,,
10-May-02,19236,8548,1512,3756,507,,
17-May-02,19875,9190,1504,3445,707,,
24-May-02,19353,8685,1524,3694,660,,
31-May-02,19587,8778,1470,3409,692,,
07-Jun-02,19338,9004,1631,3400,520,,
14-Jun-02,18953,8771,1540,3598,617,,
21-Jun-02,20108,8752,1650,3806,670,,
28-Jun-02,20191,9172,1630,3892,630,,
05-Jul-02,19433,9004,1605,3404,646,,
12-Jul-02,19013,8985,1617,3465,587,,
19-Jul-02,19620,9056,1592,3624,554,,
26-Jul-02,20066,9093,1724,3451,657,,
02-Aug-02,20290,9297,1592,3462,790,,
09-Aug-02,20357,9270,1546,3564,624,,
16-Aug-02,20181,8939,1703,3586,609,,
23-Aug-02,20328,9173,1564,3862,604,,
30-Aug-02,20015,9135,1608,3872,769,,
06-Sep-02,19209,8844,1478,3232,676,,
13-Sep-02,19512,8899,1542,3831,638,,
20-Sep-02,19360,8625,1592,3786,841,,
27-Sep-02,19224,8582,1795,3481,617,,
04-Oct-02,19711,8895,1540,4029,496,,
11-Oct-02,18804,9090,1568,3473,673,,
18-Oct-02,19043,8653,1574,3584,648,,
25-Oct-02,19990,9022,1670,4098,629,,
01-Nov-02,19796,9324,1490,4006,680,,
08-Nov-02,19214,8759,1549,3786,539,,
15-Nov-02,19611,8540,1738,3620,616,,
22-Nov-02,20498,8667,1634,4416,849,,
29-Nov-02,20681,9060,1783,4104,811,,
06-Dec-02,19508,8616,1618,3778,601,,
13-Dec-02,19950,8854,1603,4245,475,,
20-Dec-02,20211,9063,1839,4133,894,,
27-Dec-02,20434,8989,1618,3970,796,,
03-Jan-03,19780,8411,1648,3697,870,,
10-Jan-03,19263,8335,1731,3686,595,,
17-Jan-03,20105,8645,1681,4022,1023,,
24-Jan-03,20281,8793,1581,4495,607,,
31-Jan-03,20819,8551,1368,4926,719,,
07-Feb-03,19151,8106,1536,4155,862,,
14-Feb-03,20353,8454,1689,4639,865,,
21-Feb-03,20064,8619,1319,4478,1048,,
28-Feb-03,20078,8421,1651,4319,994,,
07-Mar-03,19887,9020,1505,4049,735,,
14-Mar-03,20301,8596,1415,4526,1021,,
21-Mar-03,20164,8666,1724,3830,1108,,
28-Mar-03,19831,8284,1783,4065,1073,,
04-Apr-03,20767,8458,1462,4056,600,,
11-Apr-03,19698,8640,1669,3650,544,,
18-Apr-03,19459,8737,1444,3813,650,,
25-Apr-03,19396,8358,1309,3841,1018,,
02-May-03,20701,8834,1705,3888,764,,
09-May-03,19854,8894,1348,3637,625,,
16-May-03,19895,8992,1544,3613,470,,
23-May-03,20598,9299,1474,3953,676,,
30-May-03,19977,8516,1312,3632,823,,
06-Jun-03,19849,8529,1497,3608,895,,
13-Jun-03,20589,8880,1553,3894,1148,,
20-Jun-03,20027,8833,1656,3835,747,,
27-Jun-03,20727,9476,1455,3691,946,,
04-Jul-03,20226,9050,1545,3941,647,,
11-Jul-03,19181,8763,1684,3031,736,,
18-Jul-03,20040,9177,1687,3645,603,,
25-Jul-03,20292,9563,1697,3420,767,,
01-Aug-03,20003,9303,1569,3874,969,,
08-Aug-03,20737,9381,1790,3666,771,,
15-Aug-03,20573,9325,1543,3645,767,,
22-Aug-03,20590,9668,1615,3739,1168,,
29-Aug-03,20291,9337,1678,3503,979,,
05-Sep-03,18892,8886,1404,3427,453,,
12-Sep-03,19265,8974,1612,3576,794,,
19-Sep-03,19083,9166,1439,3856,667,,
26-Sep-03,18949,8690,1508,3857,579,,
03-Oct-03,19971,9190,1699,3830,773,,
10-Oct-03,20164,9156,1783,4004,547,,
17-Oct-03,19192,8754,1614,3413,723,,
24-Oct-03,19681,9413,1513,3637,808,,
31-Oct-03,20555,9316,1614,4116,774,,
07-Nov-03,20203,8995,1695,4042,722,,
14-Nov-03,20124,9232,1504,4207,805,,
21-Nov-03,20068,8725,1684,4051,659,,
28-Nov-03,19768,8979,1698,3606,705,,
05-Dec-03,19714,8776,1790,3804,539,,
12-Dec-03,20530,8930,1740,4133,692,,
19-Dec-03,20345,9166,1663,4205,539,,
26-Dec-03,20109,8726,1521,3907,715,,
02-Jan-04,19320,8686,1703,3249,538,,
09-Jan-04,19303,8411,1314,3396,597,,
16-Jan-04,20011,8426,1401,4392,960,,
23-Jan-04,20810,8543,1835,4692,1208,,
30-Jan-04,20754,8514,1534,4716,790,,
06-Feb-04,20326,8627,1512,4585,721,,
13-Feb-04,21071,8727,1677,4704,1120,,
20-Feb-04,20941,8796,1526,4160,1243,,
27-Feb-04,19503,8970,1599,3917,410,,
05-Mar-04,19662,8968,1798,3781,784,,
12-Mar-04,19501,9044,1476,3929,871,,
19-Mar-04,19574,8818,1501,3969,975,,
26-Mar-04,19570,8731,1604,3715,614,,
02-Apr-04,20580,9249,1431,4541,864,,
09-Apr-04,20639,9338,1528,3863,869,1184,3857
16-Apr-04,20051,8973,1503,4041,857,1433,3244
23-Apr-04,19553,9255,1593,4048,784,1129,2745
30-Apr-04,18932,8926,1576,3851,801,957,2822
07-May-04,20706,9373,1535,3936,501,1288,4072
14-May-04,20606,9119,1733,3866,738,1299,3850
21-May-04,20440,9154,1613,4060,928,999,3686
28-May-04,20240,9259,1539,4099,734,1227,3382
04-Jun-04,20618,9045,1567,4104,996,1006,3899
11-Jun-04,20322,9219,1598,3881,764,1073,3786
18-Jun-04,20598,9194,1753,3885,683,1112,3971
25-Jun-04,20700,9199,1637,4053,706,1053,4052
02-Jul-04,20222,9398,1736,3928,709,1135,3316
09-Jul-04,20316,9300,1676,3850,693,1124,3673
16-Jul-04,19678,8840,1623,3867,888,1035,3424
23-Jul-04,20682,9310,1568,3928,674,1046,4154
30-Jul-04,20689,9263,1646,3917,848,1181,3835
06-Aug-04,20767,9472,1597,4009,871,910,3908
13-Aug-04,20477,9521,1753,3992,403,959,3848
20-Aug-04,20863,9424,1873,4088,609,1135,3733
27-Aug-04,20699,9267,1800,3950,644,1101,3937
03-Sep-04,20926,9453,1749,4030,555,1036,4102
10-Sep-04,20350,9234,1629,3771,580,1119,4017
17-Sep-04,20209,9005,1521,3999,673,1072,3939
24-Sep-04,19888,8922,1562,3737,1005,1052,3609
01-Oct-04,20299,8915,1528,4071,1110,1186,3488
08-Oct-04,20438,8917,1587,4237,1019,1278,3401
15-Oct-04,20601,9177,1669,4210,612,1393,3540
22-Oct-04,20308,8883,1505,4368,689,1264,3599
29-Oct-04,20216,8977,1714,4242,896,1322,3065
05-Nov-04,20475,9217,1610,4038,771,1273,3566
12-Nov-04,21403,9237,1670,4209,806,1672,3809
19-Nov-04,20404,8988,1674,4207,715,1409,3412
26-Nov-04,20118,9204,1578,4092,689,1465,3090
03-Dec-04,20526,9107,1659,4080,771,1187,3721
10-Dec-04,20928,9268,1682,4242,824,1644,3268
17-Dec-04,20782,9068,1677,4381,766,1642,3248
24-Dec-04,21449,9329,1598,4430,815,1563,3714
31-Dec-04,20847,9287,1794,4176,832,1570,3187
07-Jan-05,20466,8710,1575,4172,757,1762,3489
14-Jan-05,20210,8695,1517,4051,1023,1777,3146
21-Jan-05,21225,8881,1549,4462,1086,1845,3403
28-Jan-05,20957,8848,1545,4528,978,1883,3175
04-Feb-05,21064,8837,1524,4378,1106,1780,3438
11-Feb-05,21007,8825,1685,4357,949,1653,3538
18-Feb-05,20597,8898,1579,4125,709,1701,3585
25-Feb-05,20730,8884,1813,4155,924,1778,3176
04-Mar-05,20291,9014,1673,4321,1071,1056,3156
11-Mar-05,21263,9131,1849,4373,1046,1664,3200
18-Mar-05,20851,9069,1737,4415,889,1450,3291
25-Mar-05,20325,9075,1712,4234,806,1173,3326
01-Apr-05,20213,9095,1530,4233,777,1189,3389
08-Apr-05,20195,9089,1535,4248,653,1160,3510
15-Apr-05,20559,9170,1757,4268,973,874,3517
22-Apr-05,20380,9306,1537,4090,968,954,3524
29-Apr-05,20402,9024,1626,4240,790,1067,3654
06-May-05,20385,9175,1689,3913,714,982,3911
13-May-05,20273,9269,1550,4220,1027,881,3326
20-May-05,20584,9443,1691,3929,1049,989,3483
27-May-05,20433,9461,1709,4230,614,908,3511
03-Jun-05,20592,9451,1577,4057,965,1078,3464
10-Jun-05,20998,9528,1705,4206,628,831,4101
17-Jun-05,20471,9313,1691,4010,866,1134,3456
24-Jun-05,20169,9367,1777,4047,559,871,3549
01-Jul-05,21497,9721,1774,4110,892,892,4108
08-Jul-05,20656,9391,1602,3904,699,787,4274
15-Jul-05,20404,9415,1865,3911,793,962,3459
22-Jul-05,20972,9449,1585,4001,1087,994,3856
29-Jul-05,20854,9586,1634,4140,846,718,3930
05-Aug-05,21575,9483,1581,3973,893,1210,4435
12-Aug-05,21352,9408,1670,3982,842,881,4569
19-Aug-05,21499,9471,1598,4028,962,1232,4207
26-Aug-05,21592,9406,1578,4051,1143,1189,4224
02-Sep-05,20871,9027,1850,3995,945,1111,3942
09-Sep-05,19952,8636,1551,3906,777,1261,3820
16-Sep-05,20381,8819,1608,3869,1052,909,4125
23-Sep-05,19672,8836,1598,3835,730,866,3808
30-Sep-05,19755,8840,1652,4034,943,844,3442
07-Oct-05,20246,8783,1327,3909,940,1248,4040
14-Oct-05,20404,8961,1720,3900,930,1320,3573
21-Oct-05,20837,8981,1512,4293,1018,1311,3722
28-Oct-05,20435,9045,1725,4066,931,1082,3586
04-Nov-05,20174,9246,1595,4205,1052,1197,2880
11-Nov-05,20705,9151,1542,3917,943,1658,3494
18-Nov-05,20655,9124,1480,4156,943,1181,3773
25-Nov-05,20374,9189,1577,4003,924,1152,3528
02-Dec-05,20535,9221,1615,4094,963,1263,3379
09-Dec-05,21642,9268,1701,4256,1233,1598,3586
16-Dec-05,22156,9326,1694,4650,1165,1755,3565
23-Dec-05,21878,9249,1727,4462,1211,1757,3472
30-Dec-05,20801,9358,1692,4017,919,1752,3063
06-Jan-06,20772,8950,1626,4036,1051,1548,3561
13-Jan-06,20805,8859,1574,4131,1390,1619,3233
20-Jan-06,19834,8826,1583,4250,1131,1243,2801
27-Jan-06,20220,8879,1560,4167,834,1664,3116
03-Feb-06,19803,8967,1600,4226,811,1436,2762
10-Feb-06,21020,9083,1571,4226,985,1610,3544
17-Feb-06,21088,9046,1621,4358,933,1675,3455
24-Feb-06,20889,8951,1636,4255,869,1490,3687
03-Mar-06,19880,9057,1542,4356,758,1394,2772
10-Mar-06,20897,9106,1596,4438,919,1589,3248
17-Mar-06,20621,9100,1634,4076,897,1406,3507
24-Mar-06,20604,9054,1613,4078,677,1455,3727
31-Mar-06,20532,9063,1626,4039,967,1105,3732
07-Apr-06,20738,9297,1639,4269,835,957,3740
14-Apr-06,20415,9100,1636,3995,463,1168,4052
21-Apr-06,20734,9012,1735,3899,785,948,4354
28-Apr-06,20111,9099,1665,4171,802,863,3509
05-May-06,21200,9346,1795,4199,1056,1077,3728
12-May-06,20953,9327,1610,4125,826,952,4113
19-May-06,20976,9193,1745,3940,601,1157,4340
26-May-06,21272,9430,1661,4142,773,1002,4265
02-Jun-06,20603,9367,1505,4016,761,960,3994
09-Jun-06,20701,9413,1698,4080,780,978,3752
16-Jun-06,20971,9429,1695,4087,778,836,4146
23-Jun-06,20877,9540,1682,4091,648,822,4094
30-Jun-06,20881,9645,1763,4122,594,898,3859
07-Jul-06,20563,9621,1569,4182,641,809,3741
14-Jul-06,20445,9569,1689,4160,534,810,3684
21-Jul-06,20909,9573,1735,4151,693,878,3879
28-Jul-06,21113,9639,1641,4073,781,901,4077
04-Aug-06,21283,9697,1612,4024,698,966,4285
11-Aug-06,21032,9530,1798,3906,634,903,4260
18-Aug-06,21454,9571,1760,4105,715,1012,4290
25-Aug-06,21294,9610,1644,4236,623,1279,3902
01-Sep-06,21173,9622,1625,4166,622,1234,3905
08-Sep-06,20953,9368,1599,4049,571,953,4413
15-Sep-06,20760,9229,1537,4135,844,917,4098
22-Sep-06,20705,9287,1689,4141,585,936,4067
29-Sep-06,20228,9081,1570,4219,523,1048,3787
06-Oct-06,20938,9242,1734,4323,499,1101,4039
13-Oct-06,21441,9298,1727,4525,499,1035,4357
20-Oct-06,21502,9511,1763,4279,665,1207,4077
27-Oct-06,21484,9499,1622,4590,690,1213,3870
03-Nov-06,21076,9256,1580,4364,648,1348,3880
10-Nov-06,21317,9110,1878,4603,507,1252,3966
17-Nov-06,20331,9149,1453,4210,667,1257,3595
24-Nov-06,21158,9320,1614,4236,715,1386,3886
01-Dec-06,21116,9477,1494,4275,569,1344,3959
08-Dec-06,21349,9394,1621,4300,585,1546,3903
15-Dec-06,20918,9491,1533,4325,566,1605,3398
22-Dec-06,20781,9229,1781,4351,616,1351,3454
29-Dec-06,20368,9247,1517,4147,550,1595,3312
05-Jan-07,19562,9201,1461,3979,463,1533,2925
12-Jan-07,20201,9060,1796,3978,576,1597,3193
19-Jan-07,20369,9008,1589,4107,730,1775,3160
26-Jan-07,20869,9090,1591,4540,876,1568,3204
02-Feb-07,21637,9136,1526,4651,955,2142,3228
09-Feb-07,21815,9061,1764,4709,893,1829,3560
16-Feb-07,22037,9198,1601,4734,1061,1918,3524
23-Feb-07,21698,9121,1532,4710,1240,1572,3523
02-Mar-07,21273,9191,1569,4498,805,1596,3614
09-Mar-07,21003,9158,1775,4476,880,1357,3356
16-Mar-07,21344,9240,1619,4462,890,1515,3618
23-Mar-07,20807,9250,1518,4348,784,1308,3599
30-Mar-07,20747,9491,1590,4288,621,1255,3502
06-Apr-07,20823,9472,1546,4308,829,929,3739
13-Apr-07,20825,9247,1664,4428,678,1067,3741
20-Apr-07,21076,9163,1569,4260,733,1250,4101
27-Apr-07,20796,9260,1645,4289,756,876,3969
04-May-07,20795,9344,1632,4134,901,1045,3739
11-May-07,20831,9404,1696,4092,796,785,4058
18-May-07,20786,9433,1590,4161,724,980,3897
25-May-07,21235,9485,1655,4335,972,888,3899
01-Jun-07,20972,9495,1684,4084,802,1035,3873
08-Jun-07,21062,9487,1592,4079,770,1210,3923
15-Jun-07,20517,9591,1731,4086,703,794,3613
22-Jun-07,21087,9575,1726,4391,669,904,3821
29-Jun-07,20616,9557,1646,4010,682,980,3740
06-Jul-07,21069,9663,1672,4036,748,990,3960
13-Jul-07,21008,9710,1631,4109,653,1091,3814
20-Jul-07,21006,9688,1643,4043,693,1094,3845
27-Jul-07,20900,9662,1608,4110,776,874,3870
03-Aug-07,21090,9575,1598,4110,661,1123,4024
10-Aug-07,21139,9572,1620,4158,784,949,4056
17-Aug-07,21305,9762,1641,4288,709,958,3947
24-Aug-07,21260,9626,1552,4199,816,1092,3974
31-Aug-07,21422,9577,1812,4215,876,985,3958
07-Sep-07,20449,9393,1513,4067,765,970,3741
14-Sep-07,20559,9247,1598,4030,719,1258,3707
21-Sep-07,20184,9235,1592,4067,621,1011,3658
28-Sep-07,20640,9120,1555,4275,842,1137,3711
05-Oct-07,20792,9200,1521,4467,806,1018,3779
12-Oct-07,21024,9253,1573,4163,903,1224,3907
19-Oct-07,20660,9373,1561,4276,697,1065,3689
26-Oct-07,20412,9355,1592,4156,626,1139,3545
02-Nov-07,20661,9367,1618,4238,562,1371,3504
09-Nov-07,20627,9187,1641,4520,526,1149,3604
16-Nov-07,21350,9222,1834,4603,751,1365,3576
23-Nov-07,20863,9356,1587,4330,701,1211,3677
30-Nov-07,20795,9266,1520,4252,884,1409,3465
07-Dec-07,20977,9348,1670,4340,532,1625,3463
14-Dec-07,21050,9287,1610,4692,561,1455,3444
21-Dec-07,21535,9446,1578,4652,906,1515,3438
28-Dec-07,21349,9286,1590,4340,848,1595,3689
04-Jan-08,21288,9304,1539,4223,1005,1747,3470
11-Jan-08,20469,9116,1584,4216,509,1659,3385
18-Jan-08,20749,8964,1514,4347,916,1768,3241
25-Jan-08,20785,8940,1521,4206,925,1703,3491
01-Feb-08,20490,8916,1569,4169,535,1861,3439
08-Feb-08,20118,9020,1547,4196,503,1445,3407
15-Feb-08,21311,9125,1642,4825,727,1623,3369
22-Feb-08,20407,9045,1527,4249,560,1624,3402
29-Feb-08,20383,9071,1524,4322,671,1583,3211
07-Mar-08,20081,9131,1755,4020,663,1493,3020
14-Mar-08,20164,9071,1575,4342,553,1322,3301
21-Mar-08,20485,9116,1556,4227,668,1400,3518
28-Mar-08,20402,9330,1565,4232,564,1273,3438
04-Apr-08,20769,9286,1534,4465,747,1181,3557
11-Apr-08,20591,9338,1503,4068,776,1087,3819
18-Apr-08,21116,9215,1764,4360,908,945,3925
25-Apr-08,20241,9189,1473,4136,749,936,3759
02-May-08,20496,9311,1474,4188,814,1008,3701
09-May-08,20274,9343,1503,4124,641,938,3725
16-May-08,20347,9359,1709,4185,550,845,3699
23-May-08,20807,9373,1614,4078,860,1078,3804
30-May-08,20153,9129,1651,4114,679,858,3722
06-Jun-08,20243,9411,1536,4025,592,1124,3555
13-Jun-08,20456,9251,1608,4070,675,1148,3703
20-Jun-08,20079,9334,1545,4040,502,948,3710
27-Jun-08,20590,9357,1704,4287,578,934,3730
04-Jul-08,20320,9347,1634,4272,620,805,3642
11-Jul-08,20198,9344,1731,4126,517,1002,3478
18-Jul-08,19903,9342,1421,4077,531,1092,3440
25-Jul-08,20204,9468,1424,4199,658,1121,3335
01-Aug-08,20215,9484,1617,4152,725,993,3244
08-Aug-08,20372,9446,1674,4406,535,859,3452
15-Aug-08,20106,9423,1605,4087,606,903,3482
22-Aug-08,20133,9411,1406,4188,479,1017,3631
29-Aug-08,20555,9424,1493,4348,524,1114,3651
05-Sep-08,19784,9090,1702,3895,594,841,3663
12-Sep-08,19049,8907,1448,3728,457,939,3569
19-Sep-08,18784,8741,1447,3732,529,790,3544
26-Sep-08,18465,8730,1509,3888,333,657,3347
03-Oct-08,18341,8691,1418,3928,446,669,3188
10-Oct-08,18865,8894,1495,4004,349,1052,3070
17-Oct-08,19193,9065,1364,3976,525,1239,3023
24-Oct-08,19113,9057,1349,4037,424,1199,3047
31-Oct-08,19216,9095,1299,4030,451,1274,3068
07-Nov-08,19004,9002,1275,3925,408,1265,3130
14-Nov-08,18972,8962,1239,4056,396,1144,3175
21-Nov-08,19482,8844,1492,4086,571,1286,3204
28-Nov-08,19606,8933,1327,3892,958,1204,3292
05-Dec-08,19149,9015,1270,3672,428,1271,3493
12-Dec-08,20192,9175,1520,4090,780,1592,3036
19-Dec-08,20191,8867,1542,4102,910,1280,3490
26-Dec-08,20211,9106,1282,4310,671,1444,3398
02-Jan-09,19836,8990,1482,4318,755,1202,3089
09-Jan-09,18640,8758,1343,3654,506,1480,2899
16-Jan-09,19097,8641,1316,4082,480,1691,2888
23-Jan-09,20151,8650,1441,4258,703,1776,3324
30-Jan-09,20306,9015,1276,4220,1022,1688,3085
06-Feb-09,19662,9006,1212,4115,552,1451,3326
13-Feb-09,19690,8908,1278,4359,410,1697,3038
20-Feb-09,19233,9010,1446,3988,511,1284,2994
27-Feb-09,19577,9204,1287,3764,501,1698,3123
06-Mar-09,18892,8972,1385,3784,465,1222,3063
13-Mar-09,18787,8955,1624,3721,540,1441,2507
20-Mar-09,19191,9100,1527,3928,866,1063,2705
27-Mar-09,18591,9125,1485,3653,436,1173,2718
03-Apr-09,18867,9024,1387,4065,388,1065,2936
10-Apr-09,18239,8944,1381,3769,521,897,2726
17-Apr-09,18160,9136,1433,3452,451,951,2737
24-Apr-09,18429,9151,1378,3441,501,856,3102
01-May-09,18019,8923,1435,3446,500,692,3022
08-May-09,18168,8911,1441,3625,372,926,2893
15-May-09,18403,9232,1490,3641,451,805,2785
22-May-09,18579,9538,1344,3636,438,953,2670
29-May-09,17679,9020,1248,3455,403,783,2770
05-Jun-09,18725,9141,1290,3572,859,968,2895
12-Jun-09,18964,9354,1407,3384,803,1031,2984
19-Jun-09,17913,9129,1498,3383,478,619,2805
26-Jun-09,18169,9053,1308,3257,593,570,3388
03-Jul-09,18494,9229,1292,3039,769,985,3181
10-Jul-09,18846,9163,1449,3439,670,898,3226
17-Jul-09,18917,9255,1381,3455,423,846,3558
24-Jul-09,18713,9171,1333,3265,655,908,3382
31-Jul-09,19287,9199,1380,3426,455,977,3850
07-Aug-09,18702,8951,1457,3198,417,1049,3630
14-Aug-09,19279,9205,1383,3466,388,1018,3819
21-Aug-09,19473,9105,1497,3412,734,939,3785
28-Aug-09,19713,9478,1418,3497,448,1338,3534
04-Sep-09,19522,9283,1547,3482,693,1003,3514
11-Sep-09,19104,9001,1482,3355,355,1111,3800
18-Sep-09,18476,8790,1358,3303,500,872,3653
25-Sep-09,18909,9126,1442,3409,423,1011,3498
02-Oct-09,18733,9269,1425,3527,356,1151,3005
09-Oct-09,18936,9256,1416,3557,583,1127,2997
16-Oct-09,18669,8950,1313,3487,665,1298,2956
23-Oct-09,18523,8858,1281,3637,687,1258,2803
30-Oct-09,19144,9015,1482,3570,516,1325,3237
06-Nov-09,18315,8844,1381,3543,438,1374,2736
13-Nov-09,18506,9015,1399,3602,375,1534,2581
20-Nov-09,18820,9092,1562,3661,492,1386,2627
27-Nov-09,18323,8943,1418,3579,515,1309,2559
04-Dec-09,18348,9012,1320,3320,637,1404,2656
11-Dec-09,19572,8963,1660,3792,427,1662,3068
18-Dec-09,19377,9045,1458,3988,408,1605,2872
25-Dec-09,19062,9074,1378,3656,521,1379,3054
01-Jan-10,18755,8741,1540,3546,498,1605,2826
08-Jan-10,18637,8740,1344,3614,459,1606,2875
15-Jan-10,18736,8602,1236,3823,404,1794,2876
22-Jan-10,18884,8619,1430,3725,597,1677,2836
29-Jan-10,18742,8613,1430,3659,385,1460,3195
05-Feb-10,19261,8766,1393,3696,786,1473,3149
12-Feb-10,19092,8521,1225,3787,818,1435,3307
19-Feb-10,19283,9064,1235,3662,419,1479,3425
26-Feb-10,19618,8882,1313,3829,690,1293,3611
05-Mar-10,19653,8992,1302,3645,692,1468,3554
12-Mar-10,18832,8849,1304,3762,551,1079,3288
19-Mar-10,19336,9087,1339,3809,638,1053,3410
26-Mar-10,19021,9060,1529,3646,491,1062,3232
02-Apr-10,18907,9076,1374,3637,539,984,3298
09-Apr-10,19012,9325,1378,3583,506,970,3250
16-Apr-10,18484,9152,1427,3466,448,937,3055
23-Apr-10,18428,9290,1304,3597,473,692,3072
30-Apr-10,19467,9282,1524,3895,417,895,3454
07-May-10,19320,9140,1471,3890,569,875,3375
14-May-10,19604,9092,1471,4086,506,1147,3301
21-May-10,19714,9099,1387,4021,468,1161,3577
28-May-10,20021,9174,1468,4031,654,865,3829
04-Jun-10,19316,9194,1334,3903,627,926,3332
11-Jun-10,19135,9338,1284,3845,398,725,3546
18-Jun-10,19498,9241,1314,3784,380,904,3875
25-Jun-10,18967,9462,1473,3550,362,790,3330
02-Jul-10,19599,9449,1404,3949,568,815,3415
09-Jul-10,18724,9080,1580,3527,540,795,3202
16-Jul-10,19281,9435,1568,3358,487,937,3496
23-Jul-10,19642,9632,1513,3599,391,940,3567
30-Jul-10,19302,9477,1449,3464,526,732,3655
06-Aug-10,19472,9236,1593,3400,375,719,4149
13-Aug-10,19415,9459,1401,3674,410,725,3746
20-Aug-10,19293,9375,1441,3628,431,877,3540
27-Aug-10,19590,9386,1414,3927,408,827,3629
03-Sep-10,19447,9263,1539,3932,550,872,3291
10-Sep-10,19216,9019,1492,3842,397,1073,3393
17-Sep-10,19098,8847,1497,3689,456,1042,3567
24-Sep-10,19754,9383,1370,3899,402,1112,3589
01-Oct-10,18784,8989,1441,3724,409,991,3230
08-Oct-10,18714,8812,1430,3704,341,1001,3425
15-Oct-10,18682,8891,1257,3954,345,1169,3066
22-Oct-10,19366,9358,1354,4064,419,1102,3069
29-Oct-10,19267,9015,1461,4106,329,1018,3339
05-Nov-10,19609,9056,1311,4394,446,1086,3315
12-Nov-10,18919,8952,1500,3780,347,931,3409
19-Nov-10,19010,8829,1476,3804,506,1129,3265
26-Nov-10,18454,8867,1265,3668,396,879,3379
03-Dec-10,19936,9171,1352,3664,672,1498,3578
10-Dec-10,20209,9349,1636,3771,481,1351,3622
17-Dec-10,19981,9213,1397,4049,487,1766,3067
24-Dec-10,20749,9399,1439,3991,705,1513,3702
31-Dec-10,19059,8853,1376,3735,430,1467,3198
07-Jan-11,18958,8819,1487,3569,455,1424,3203
14-Jan-11,19113,8775,1450,3611,344,1867,3065
21-Jan-11,19035,8632,1350,3710,609,1693,3040
28-Jan-11,18787,8549,1311,3891,557,1665,2814
04-Feb-11,19157,8524,1465,3682,770,1486,3231
11-Feb-11,19793,8810,1428,3979,654,1558,3364
18-Feb-11,19664,9101,1445,3654,669,1208,3587
25-Feb-11,18958,9162,1259,3697,563,1223,3054
04-Mar-11,19669,9192,1280,4206,591,1201,3199
11-Mar-11,19111,8830,1406,3910,735,1030,3201
18-Mar-11,19310,9074,1530,3771,456,1078,3401
25-Mar-11,18605,8866,1291,3637,482,1000,3329
01-Apr-11,19183,8853,1349,3672,536,1156,3618
08-Apr-11,19258,9181,1360,3800,475,887,3555
15-Apr-11,19274,9062,1439,4112,536,1057,3067
22-Apr-11,19588,9148,1575,3737,540,1011,3577
29-Apr-11,18332,8943,1474,3893,420,836,2766
06-May-11,18164,8826,1335,3769,596,926,2712
13-May-11,18515,9048,1510,3620,548,760,3029
20-May-11,18916,9025,1480,3984,456,848,3122
27-May-11,19134,9431,1321,3846,557,848,3131
03-Jun-11,19222,9163,1419,3802,584,825,3430
10-Jun-11,18806,9370,1258,3604,446,882,3246
17-Jun-11,19037,9319,1517,3419,515,731,3536
24-Jun-11,18877,9261,1394,3552,453,725,3491
01-Jul-11,19232,9309,1551,3743,648,652,3328
08-Jul-11,18513,9016,1390,3324,404,607,3771
15-Jul-11,18853,9028,1581,3402,410,727,3706
22-Jul-11,18426,8999,1564,3458,389,769,3246
29-Jul-11,19641,9215,1537,3998,519,811,3561
05-Aug-11,20293,9244,1592,3946,384,942,4185
12-Aug-11,19414,9195,1495,3553,422,877,3872
19-Aug-11,19243,9009,1613,3850,388,779,3603
26-Aug-11,19562,9229,1462,4086,424,789,3572
02-Sep-11,19386,8956,1502,3853,421,1024,3630
09-Sep-11,18654,8848,1454,3658,597,898,3200
16-Sep-11,19024,8858,1328,3875,356,979,3628
23-Sep-11,19083,8964,1421,3818,645,998,3238
30-Sep-11,19101,8959,1426,4100,528,933,3155
07-Oct-11,18737,9010,1455,4068,350,1110,2743
14-Oct-11,18329,8598,1402,4183,335,938,2872
21-Oct-11,18884,8501,1363,4249,263,1085,3423
28-Oct-11,18641,8518,1445,4374,200,978,3125
04-Nov-11,20037,8671,1526,4362,323,1196,3958
11-Nov-11,19311,8625,1589,4189,275,1257,3376
18-Nov-11,18585,8592,1386,4069,296,1177,3065
25-Nov-11,17946,8769,1410,3240,459,1114,2954
02-Dec-11,18308,8574,1381,3920,556,1274,2603
09-Dec-11,18409,8666,1406,3953,450,1301,2633
16-Dec-11,19324,8879,1426,4400,534,1580,2505
23-Dec-11,18499,8923,1426,3804,451,1412,2482
30-Dec-11,18023,8556,1361,3528,695,1430,2454
06-Jan-12,17811,8179,1407,3279,386,1405,3155
13-Jan-12,17902,7996,1238,3635,587,1355,3090
20-Jan-12,19241,8098,1517,3886,565,1535,3639
27-Jan-12,17704,8018,1207,3736,394,1386,2963
03-Feb-12,17618,8039,1361,3436,242,1551,2989
10-Feb-12,18655,8167,1351,3811,687,1240,3399
17-Feb-12,18237,8628,1215,3324,221,1448,3401
24-Feb-12,18256,8363,1475,3673,275,1345,3125
02-Mar-12,18178,8262,1540,3545,293,1289,3248
09-Mar-12,18571,8415,1225,3832,218,1396,3485
16-Mar-12,17674,8379,1292,3217,476,1126,3183
23-Mar-12,18204,8710,1267,3596,397,1138,3096
30-Mar-12,18186,8783,1536,3597,382,1008,2880
06-Apr-12,19005,8681,1429,3932,526,1030,3406
13-Apr-12,18863,8775,1407,4016,578,1047,3040
20-Apr-12,18756,8496,1326,3796,391,1032,3716
27-Apr-12,18544,8692,1326,3550,377,998,3602
04-May-12,18603,8864,1332,3957,367,879,3204
11-May-12,19013,8971,1427,3648,275,928,3764
18-May-12,18683,8633,1476,3608,401,994,3571
25-May-12,18320,8931,1369,3860,372,909,2879
01-Jun-12,18226,8648,1379,3379,400,857,3562
08-Jun-12,19405,9130,1645,3685,241,1129,3575
15-Jun-12,18599,8693,1533,3505,223,1010,3635
22-Jun-12,19064,8846,1583,3827,281,969,3558
29-Jun-12,19601,9001,1593,3849,491,1069,3599
06-Jul-12,18535,8917,1458,3244,274,1078,3563
13-Jul-12,18596,8628,1597,3366,253,1064,3688
20-Jul-12,19076,8660,1264,3482,220,1109,4342
27-Jul-12,19150,8820,1502,3746,630,1047,3405
03-Aug-12,18946,8839,1685,3790,201,1177,3253
10-Aug-12,20026,9308,1496,3569,522,1117,4013
17-Aug-12,18747,9081,1388,3561,187,944,3585
24-Aug-12,19116,9064,1360,3563,491,1172,3467
31-Aug-12,18942,9177,1464,3221,381,1026,3672
07-Sep-12,17999,8695,1553,3269,204,1225,3054
14-Sep-12,18334,8632,1345,3685,339,1048,3285
21-Sep-12,18315,8770,1331,3704,186,1244,3080
28-Sep-12,18720,8633,1493,4092,478,997,3027
05-Oct-12,18719,8587,1409,3822,457,1223,3220
12-Oct-12,19519,8729,1605,3879,208,1462,3637
19-Oct-12,19136,8493,1541,3526,306,1277,3993
26-Oct-12,18326,8844,1290,3543,250,1330,3068
02-Nov-12,18371,8307,1523,3589,204,1387,3361
09-Nov-12,19346,8908,1456,4106,383,1388,3104
16-Nov-12,19437,8898,1267,4201,658,1355,3057
23-Nov-12,18969,8427,1465,3837,190,1263,3787
30-Nov-12,18337,8354,1509,3544,227,1495,3209
07-Dec-12,18825,8488,1487,3500,437,1738,3175
14-Dec-12,19955,8618,1486,4214,433,1583,3621
21-Dec-12,18857,8608,1453,3711,228,1437,3419
28-Dec-12,18894,8518,1343,3256,244,1575,3958
04-Jan-13,17755,8010,1402,3086,334,1505,3418
11-Jan-13,17954,8320,1292,3446,210,1553,3133
18-Jan-13,18645,8431,1357,3372,501,1664,3319
25-Jan-13,18681,8501,1366,3721,232,1717,3144
01-Feb-13,18052,8415,1432,3624,198,1568,2814
08-Feb-13,19048,8404,1401,3942,231,1614,3456
15-Feb-13,18412,8437,1263,3808,214,1490,3200
22-Feb-13,18680,8597,1289,3502,187,1755,3350
01-Mar-13,18296,8364,1288,3857,302,1619,2867
08-Mar-13,18597,8627,1434,3348,474,1614,3100
15-Mar-13,17765,8324,1394,3580,241,1415,2811
22-Mar-13,18873,8399,1312,4222,380,1395,3165
29-Mar-13,18966,8523,1318,3881,599,1432,3215
05-Apr-13,18121,8477,1358,3852,201,1284,2949
12-Apr-13,18461,8383,1256,3626,249,1447,3500
19-Apr-13,18610,8750,1594,3588,380,1218,3080
26-Apr-13,17937,8415,1365,3665,219,998,3274
03-May-13,19100,8445,1472,3664,221,1117,4181
10-May-13,18516,8341,1623,3577,388,1146,3440
17-May-13,18846,8790,1445,4220,478,869,3045
24-May-13,18286,8956,1381,3816,219,988,2927
31-May-13,18779,8822,1488,3751,533,931,3254
07-Jun-13,17923,8648,1235,4078,191,830,2941
14-Jun-13,18419,8840,1623,4015,201,704,3036
21-Jun-13,18967,8894,1466,3894,207,972,3533
28-Jun-13,20392,9294,1630,4450,489,1060,3469
05-Jul-13,19239,9299,1626,3843,354,1072,3044
12-Jul-13,19467,8729,1593,3817,340,1180,3807
19-Jul-13,19787,8982,1575,4309,185,1004,3732
26-Jul-13,19664,9147,1523,3977,349,960,3708
02-Aug-13,19688,9246,1453,3874,208,1145,3761
09-Aug-13,19088,9190,1679,3611,197,1164,3246
16-Aug-13,19337,9200,1589,3612,373,1255,3308
23-Aug-13,19449,9031,1524,3842,334,1244,3474
30-Aug-13,18911,9094,1404,3804,168,872,3569
06-Sep-13,18360,8605,1642,3523,492,1328,2771
13-Sep-13,19820,9028,1403,4051,187,1251,3899
20-Sep-13,19261,8846,1357,3581,183,1150,4144
27-Sep-13,18681,8527,1531,3831,174,1050,3568
04-Oct-13,19044,8846,1211,3826,164,1395,3603
11-Oct-13,18990,9077,1369,3731,159,1256,3397
18-Oct-13,18269,8797,1348,3330,174,1341,3279
25-Oct-13,20136,9054,1671,4156,164,1532,3559
01-Nov-13,20223,9292,1233,4512,183,1775,3228
08-Nov-13,20297,9032,1561,3790,165,1526,4222
15-Nov-13,20438,8924,1504,4333,175,1664,3839
22-Nov-13,19635,8909,1683,4024,401,1518,3100
29-Nov-13,19973,8873,1408,3550,224,1676,4243
06-Dec-13,18554,8348,1480,3304,205,1561,3657
13-Dec-13,20996,9016,1469,4089,265,1618,4539
20-Dec-13,20484,9176,1656,4171,199,1546,3736
27-Dec-13,19004,8893,1470,3314,221,1407,3700
03-Jan-14,18222,8274,1518,3022,215,1723,3470
10-Jan-14,18858,8021,1498,3724,214,1736,3666
17-Jan-14,18959,8059,1308,3779,471,1746,3596
24-Jan-14,20047,8584,1464,4524,204,1654,3617
31-Jan-14,19110,8452,1479,3940,302,1308,3629
07-Feb-14,18541,8325,1302,3675,198,1684,3357
14-Feb-14,18709,8030,1283,3623,273,1348,4152
21-Feb-14,18283,8535,1224,3617,261,1211,3436
28-Feb-14,18291,8411,1431,3546,262,1269,3372
07-Mar-14,19027,8949,1518,3697,186,1322,3355
14-Mar-14,18783,8512,1355,4159,259,1070,3428
21-Mar-14,18257,9002,1329,3476,172,1232,3046
28-Mar-14,18199,8713,1592,3795,391,1048,2660
04-Apr-14,18289,8996,1370,3927,162,1005,2829
11-Apr-14,18412,8616,1340,4165,154,1002,3137
18-Apr-14,18051,8430,1365,3834,202,1098,3122
25-Apr-14,18849,8693,1604,3909,379,943,3322
02-May-14,18552,8719,1333,4325,451,698,3026
09-May-14,19447,9191,1429,4271,149,849,3557
16-May-14,18855,9174,1524,3791,160,983,3223
23-May-14,19563,9310,1540,4201,147,1034,3332
30-May-14,18586,9104,1390,4157,145,716,3074
06-Jun-14,18025,8624,1401,3883,303,760,3054
13-Jun-14,18557,9258,1575,3811,174,934,2805
20-Jun-14,18807,8813,1692,3646,158,894,3606
27-Jun-14,19433,9168,1663,3778,453,916,3455
04-Jul-14,19248,8935,1799,3966,253,733,3561
11-Jul-14,19277,9057,1512,3733,218,824,3934
18-Jul-14,19311,8792,1514,3917,170,1039,3879
25-Jul-14,19607,9006,1871,3833,168,946,3783
01-Aug-14,20335,9359,1704,4034,189,1019,4029
08-Aug-14,19825,8922,1538,4030,324,919,4092
15-Aug-14,19885,8775,1442,4002,141,788,4738
22-Aug-14,19183,9100,1692,3645,139,985,3621
29-Aug-14,19955,9480,1607,3947,125,1017,3779
05-Sep-14,18596,8611,1417,3403,137,1350,3678
12-Sep-14,19749,8707,1582,3830,401,1104,4125
19-Sep-14,19177,8781,1399,3750,163,1076,4008
26-Sep-14,19400,8660,1381,4117,192,1161,3889
03-Oct-14,19019,8645,1442,3498,310,1129,3995
10-Oct-14,19595,9043,1484,3710,394,1099,3866
17-Oct-14,18645,8836,1440,3309,144,1180,3736
24-Oct-14,20061,8867,1691,3926,161,1515,3901
31-Oct-14,19607,9162,1510,3480,207,1267,3981
07-Nov-14,19844,9005,1563,3967,154,1173,3982
14-Nov-14,19702,9194,1486,3794,143,1340,3745
21-Nov-14,20480,9254,1584,4120,255,1554,3714
28-Nov-14,19831,9425,1519,3574,323,1236,3754
05-Dec-14,19454,8549,1487,3466,486,1303,4163
12-Dec-14,20465,9373,1519,4240,156,1445,3732
19-Dec-14,21037,9518,1746,4304,269,1264,3935
26-Dec-14,19939,9614,1480,4235,174,1266,3170
02-Jan-15,19344,8809,1527,2865,425,1435,4283
09-Jan-15,19224,8875,1553,3943,190,1217,3446
16-Jan-15,20204,8851,1674,4524,207,1664,3283
23-Jan-15,20508,9022,1484,4567,124,1614,3696
30-Jan-15,18635,8442,1294,3684,133,1606,3477
06-Feb-15,19655,8282,1450,4300,130,1586,3907
13-Feb-15,20387,8809,1528,4250,136,1705,3959
20-Feb-15,19776,8915,1410,4282,130,1391,3648
27-Feb-15,19654,8630,1528,4053,145,1771,3526
06-Mar-15,18609,8515,1563,3758,162,1324,3287
13-Mar-15,19518,9260,1463,3774,130,1078,3814
20-Mar-15,18700,8619,1512,3966,126,1077,3400
27-Mar-15,19475,9435,1597,3820,241,893,3490
03-Apr-15,19123,8610,1522,4215,465,1161,3149
10-Apr-15,18995,8914,1602,3807,126,868,3677
17-Apr-15,19139,9185,1636,3855,365,887,3212
24-Apr-15,19576,8920,1597,3993,623,861,3582
01-May-15,18196,8785,1505,3879,139,1018,2871
08-May-15,20651,9201,1511,4524,192,991,4232
15-May-15,20235,9261,1662,4161,143,863,4144
22-May-15,19980,9734,1440,3955,197,984,3670
29-May-15,18878,8978,1729,3523,128,702,3817
05-Jun-15,19783,9600,1535,4115,213,1024,3295
12-Jun-15,19971,9176,1494,4117,260,1038,3886
19-Jun-15,20682,9655,1748,3608,266,928,4477
26-Jun-15,19730,9731,1543,3904,125,890,3537
03-Jul-15,19246,9532,1509,3794,130,793,3488
10-Jul-15,19864,9404,1553,3465,147,891,4403
17-Jul-15,21021,9749,1713,4004,368,1101,4085
24-Jul-15,20246,9339,1711,3628,157,858,4553
31-Jul-15,20221,9687,1730,3780,188,1055,3782
07-Aug-15,20094,9686,1485,3545,286,857,4234
14-Aug-15,21397,9705,1772,3895,317,1010,4698
21-Aug-15,19423,9189,1680,3601,104,923,3927
28-Aug-15,20252,9438,1488,3761,201,1117,4247
04-Sep-15,19795,9017,1680,3565,324,1164,4045
11-Sep-15,18543,8983,1802,3482,130,975,3171
18-Sep-15,20141,9215,1375,4322,129,1244,3855
25-Sep-15,19592,9021,1605,3762,142,792,4269
02-Oct-15,18875,8958,1420,4191,134,828,3343
09-Oct-15,19473,9137,1620,3618,123,866,4108
16-Oct-15,19477,9157,1491,3819,116,1114,3780
23-Oct-15,20303,9343,1644,4261,131,1023,3902
30-Oct-15,19477,9184,1542,4006,104,827,3815
06-Nov-15,19809,9388,1776,3813,242,857,3734
13-Nov-15,19465,9054,1519,4157,135,967,3633
20-Nov-15,19427,8921,1560,3700,401,849,3996
27-Nov-15,19866,9281,1545,3646,130,1298,3967
04-Dec-15,20270,9420,1786,3268,173,1543,4080
11-Dec-15,20237,9220,1613,3521,466,1325,4091
18-Dec-15,19785,9185,1506,3995,311,1326,3461
25-Dec-15,20478,9395,1396,3633,297,1034,4723
01-Jan-16,18296,8159,1700,3034,378,1280,3745
08-Jan-16,18540,8500,1488,2832,140,1779,3800
15-Jan-16,19976,9079,1454,3678,553,1382,3829
22-Jan-16,21101,8941,1894,4005,274,1945,4043
29-Jan-16,19156,8341,1340,3524,160,1867,3923
05-Feb-16,19022,9122,1616,3162,111,1556,3454
12-Feb-16,19742,9203,1537,3482,125,1681,3713
19-Feb-16,20668,9576,1490,3704,226,1546,4126
26-Feb-16,19199,9121,1634,3364,134,1613,3333
04-Mar-16,19864,9411,1581,3706,463,1241,3461
11-Mar-16,19260,9458,1364,3870,293,1155,3120
18-Mar-16,19403,9503,1576,3373,257,1189,3506
25-Mar-16,19454,9244,1496,3848,311,1069,3487
01-Apr-16,19868,9224,1468,3609,580,838,4149
08-Apr-16,19987,9633,1696,3853,294,700,3810
15-Apr-16,20228,9444,1571,4276,293,942,3702
22-Apr-16,19828,9315,1590,4122,392,850,3559
29-Apr-16,20242,9502,1786,3946,452,1100,3455
06-May-16,19952,9658,1431,4014,114,918,3817
13-May-16,20775,9755,1706,4326,454,1007,3526
20-May-16,20438,9516,1534,4088,318,1155,3826
27-May-16,20355,9716,1775,3827,275,959,3802
03-Jun-16,19779,9568,1367,3576,525,930,3813
10-Jun-16,20840,9762,1853,3817,134,1019,4257
17-Jun-16,20010,9815,1677,3902,291,1011,3313
24-Jun-16,21149,9709,1878,3998,254,726,4583
01-Jul-16,20050,9755,1624,3933,315,730,3693
08-Jul-16,19447,9671,1627,3206,172,735,4035
15-Jul-16,20653,9785,1729,3920,172,1145,3901
22-Jul-16,20802,9797,1777,3856,470,878,4024
29-Jul-16,20950,9752,1766,3605,550,1065,4212
05-Aug-16,20701,9769,1688,3937,279,854,4175
12-Aug-16,20625,9762,1870,3488,131,955,4419
19-Aug-16,20741,9659,1659,3790,158,795,4679
26-Aug-16,20152,9511,1846,3838,471,786,3700
02-Sep-16,21310,9595,1646,3688,514,1228,4640
09-Sep-16,20221,9406,1679,3276,325,1139,4396
16-Sep-16,19431,9650,1690,3431,408,675,3577
23-Sep-16,19226,8880,1506,3772,85,972,4012
30-Sep-16,20561,9390,1709,3875,682,1005,3900
07-Oct-16,20738,9264,1664,4266,614,931,3999
14-Oct-16,19716,8798,1654,3987,325,1305,3647
21-Oct-16,20465,9118,1547,4166,601,1130,3903
28-Oct-16,19884,9183,1789,3863,283,1106,3661
04-Nov-16,20191,9213,1794,4043,580,1302,3259
11-Nov-16,19349,9359,1545,3944,149,1140,3213
18-Nov-16,20034,9024,1919,4121,384,820,3765
25-Nov-16,19758,9080,1547,3841,472,1160,3658
02-Dec-16,19102,8757,1632,3704,436,1477,3096
09-Dec-16,18879,8874,1628,4030,181,1502,2665
16-Dec-16,21409,9269,1673,4549,344,1453,4122
23-Dec-16,20159,9278,1703,3967,102,1360,3750
30-Dec-16,17925,8465,1457,2792,432,1375,3403
06-Jan-17,18606,8470,1689,3198,332,1591,3327
13-Jan-17,20702,8069,1705,4095,675,1915,4244
20-Jan-17,18639,8039,1460,3645,268,1384,3842
27-Jan-17,19307,8310,1709,3809,493,1453,3533
03-Feb-17,20814,8941,1834,3910,359,1761,4009
10-Feb-17,18663,8433,1173,3853,436,1164,3604
17-Feb-17,20360,8663,1415,4292,638,1218,4132
24-Feb-17,19496,8686,1562,3813,530,1281,3624
03-Mar-17,19900,9268,1610,4091,223,1472,3236
10-Mar-17,19464,9254,1820,4409,431,889,2662
17-Mar-17,19255,9200,1580,4012,411,1109,2943
24-Mar-17,19874,9524,1733,4222,133,1169,3093
31-Mar-17,19703,9245,1649,4098,356,1194,3160
07-Apr-17,19879,9275,1497,4635,237,1158,3079
14-Apr-17,19440,9223,1807,4177,408,926,2898
21-Apr-17,19110,9206,1431,3667,203,947,3656
28-Apr-17,19894,9156,1899,4256,322,1090,3171
05-May-17,20545,9408,1670,4139,517,707,4104
12-May-17,19484,9452,1910,4215,108,548,3251
19-May-17,20795,9704,1647,4359,460,912,3712
26-May-17,20757,9822,1603,4025,337,927,4044
02-Jun-17,19340,9317,1557,3505,485,831,3645
09-Jun-17,19514,9269,1897,4045,132,786,3385
16-Jun-17,21067,9816,2030,4158,391,986,3687
23-Jun-17,19646,9538,1568,4029,521,916,3075
30-Jun-17,22225,9705,1973,4322,531,1161,4533
07-Jul-17,19958,9786,1966,3858,481,764,3102
14-Jul-17,21178,9592,1735,4334,374,701,4442
21-Jul-17,21289,9821,1804,4376,278,1200,3811
28-Jul-17,20591,9842,1791,4140,278,904,3635
04-Aug-17,21929,9797,1765,4510,363,1307,4187
11-Aug-17,20959,9522,1798,4222,401,1004,4012
18-Aug-17,20678,9629,1722,4077,236,942,4073
25-Aug-17,21430,9846,2011,3910,175,1214,4274
01-Sep-17,19957,9163,1612,4063,354,520,4245
08-Sep-17,19715,9619,1464,4057,217,1210,3148
15-Sep-17,20443,9441,1817,4264,152,982,3787
22-Sep-17,21100,9522,1787,3746,334,1161,4550
29-Sep-17,19714,9241,1475,4007,374,965,3653
06-Oct-17,19716,9480,1792,3648,355,931,3509
13-Oct-17,19142,9136,1641,3477,531,935,3421
20-Oct-17,20010,9314,1859,4101,604,1177,2955
27-Oct-17,19184,9461,1628,3534,130,779,3651
03-Nov-17,21301,9496,1835,4486,331,1322,3832
10-Nov-17,19755,9172,1794,4029,79,1522,3160
17-Nov-17,19289,9595,1630,4057,323,1119,2565
24-Nov-17,19664,8724,1514,3882,568,1107,3870
01-Dec-17,19948,8895,1947,3737,475,1286,3608
08-Dec-17,20471,9091,1598,4380,263,1388,3752
15-Dec-17,21111,9426,2108,3926,562,1324,3765
22-Dec-17,20775,9485,1807,4326,138,1533,3485
29-Dec-17,19947,8650,1898,3588,406,1691,3713
05-Jan-18,20639,8814,1585,3655,264,1892,4428
12-Jan-18,20809,8668,1833,4738,155,1543,3871
19-Jan-18,20636,8697,1631,3847,330,1770,4362
26-Jan-18,21003,9044,1622,4470,56,1530,4280
02-Feb-18,20843,9110,1584,3778,336,2007,4028
09-Feb-18,20284,9059,1580,4082,472,1540,3551
16-Feb-18,20454,9002,1758,4224,372,1651,3447
23-Feb-18,19872,8860,1622,3921,232,1051,4186
02-Mar-18,20470,9276,1853,3926,257,1622,3536
09-Mar-18,20931,9642,1891,3832,249,1548,3769
16-Mar-18,20675,9324,1524,3917,549,1242,4120
23-Mar-18,20917,9208,1812,4375,128,1326,4068
30-Mar-18,21217,9203,1807,3887,328,1360,4632
06-Apr-18,19812,9273,1593,4170,243,1496,3037
13-Apr-18,21434,9857,1827,4356,539,1054,3801
20-Apr-18,19000,9083,1553,3749,402,884,3329
27-Apr-18,20164,9090,1773,4485,163,1012,3641
04-May-18,20548,9775,1550,4307,408,977,3531
11-May-18,20527,9531,1650,4222,326,1002,3797
18-May-18,20653,9689,1818,3637,381,885,4244
25-May-18,20887,9689,1848,4319,285,968,3778
01-Jun-18,18456,8976,1685,3502,273,642,3378
08-Jun-18,21801,9879,1435,4404,443,786,4854
15-Jun-18,20228,9326,1970,3825,118,548,4441
22-Jun-18,20295,9731,1702,3612,138,827,4285
29-Jun-18,21272,9869,1968,4126,370,824,4115
06-Jul-18,19908,9275,1906,3805,236,923,3762
13-Jul-18,21302,9708,1724,4141,553,1029,4147
20-Jul-18,21700,9846,1877,4167,240,1093,4477
27-Jul-18,20570,9878,1668,3611,632,558,4223
03-Aug-18,20928,9346,1986,4002,286,1064,4243
10-Aug-18,20187,9512,1871,3959,27,593,4225
17-Aug-18,21541,9453,1813,4065,517,989,4703
24-Aug-18,22137,9899,2006,4437,411,774,4610
31-Aug-18,21663,9734,1820,4290,335,1068,4416
07-Sep-18,20570,9649,1572,3288,338,1249,4475
14-Sep-18,21134,9534,1851,4152,492,1179,3926
21-Sep-18,19999,8987,1703,4291,340,867,3810
28-Sep-18,20174,9102,1848,3877,517,876,3954
05-Oct-18,19823,9078,1583,4629,265,1263,3006
12-Oct-18,19960,9182,1639,3793,455,862,4029
19-Oct-18,21491,9324,1765,4006,170,1408,4818
26-Oct-18,20997,9262,1677,4426,335,1382,3916
02-Nov-18,20386,9099,1749,4318,148,907,4165
09-Nov-18,22387,9192,1898,4633,673,1547,4445
16-Nov-18,21264,9185,1725,4270,420,1253,4410
23-Nov-18,20485,9188,1682,3569,293,1169,4583
30-Nov-18,20530,8877,1835,4037,190,1321,4271
07-Dec-18,21481,9036,1650,4469,227,1997,4102
14-Dec-18,22329,9243,1585,4886,341,1812,4461
21-Dec-18,20741,9348,1618,4242,208,1137,4188
28-Dec-18,19056,8623,1631,3203,454,1586,3560
04-Jan-19,19764,8735,1808,2955,399,1526,4341
11-Jan-19,20864,8565,1661,4449,495,1574,4120
18-Jan-19,21460,8868,1507,4668,32,1742,4642
25-Jan-19,20815,9564,1633,4122,318,1611,3566
01-Feb-19,21838,9073,1838,4673,269,1985,4000
08-Feb-19,19114,8648,1518,3767,147,1375,3658
15-Feb-19,20720,8800,1410,4216,277,2049,3969
22-Feb-19,21470,8981,1943,4076,424,1629,4418
01-Mar-19,20490,9062,1697,4145,105,1626,3855
08-Mar-19,20808,9140,1953,3953,280,1299,4183
15-Mar-19,21492,9409,1794,4706,118,1253,4212
22-Mar-19,20130,9124,1656,4216,94,1005,4035
29-Mar-19,19998,9131,1889,4156,321,848,3653
05-Apr-19,20316,9806,1445,3779,295,941,4048
12-Apr-19,19893,9420,1674,3353,350,620,4478
19-Apr-19,20448,9409,1820,3796,107,712,4605
26-Apr-19,20152,9228,1920,4215,206,673,3910
03-May-19,20408,9871,1738,3896,360,730,3814
10-May-19,19477,9148,1766,4094,114,500,3855
17-May-19,19661,9429,1538,3787,197,496,4214
24-May-19,21458,9394,2026,4282,550,921,4285
31-May-19,19449,9441,1810,3387,64,818,3928
07-Jun-19,21123,9877,1780,4368,280,906,3912
14-Jun-19,20807,9928,1673,4061,428,602,4114
21-Jun-19,20876,9466,1915,3968,484,867,4175
28-Jun-19,20770,9492,1862,3828,354,877,4358
05-Jul-19,21292,9754,1803,3551,225,1026,4934
12-Jul-19,20306,9214,1876,3565,475,1298,3877
19-Jul-19,21583,9673,1837,4264,425,832,4551
26-Jul-19,21296,9559,1893,3885,369,1141,4450
02-Aug-19,21481,9651,1811,3886,191,762,5181
09-Aug-19,22078,9932,2017,3859,315,1000,4955
16-Aug-19,20987,9626,1909,3758,457,938,4299
